ID,rate per minute,duration,caller__first_name,caller__last_name
1,0.3356400,4.5300000,Ian,Bwana
2,0.2852900,5.0000000,Ian,Bwana
3,0.3055500,6.2300000,Jane,Smith
4,0.0545100,74.6700000,John,Doe
5,0.2228600,67.2100000,Anne,Other
6,0.0407400,180.4300000,Ian,Bwana
